tr isim,os_isim ,ebced,mağribi ebced,,,,
Yakup, یعقوب,188,188,,,,
İmsak, إمساك,122,362,,,,
Güneş, كونش,376,1076,,,,
İşrak, اِشراق,602,1302,,,,
Öğle, اوگله,62,62,,,,
İkindi, ايكندى,86,86,,,,
Akşam, آقشام,442,1142,,,,
Yatsı, ياتسي,481,721,,,,
Tarih, تاريخ,1211,1211,,,,
Namaz Vakitleri, نماز وقتلري,844,844,,,,
Namaz, نماز,98,98,,,,
Vakitler, وقتلر,736,736,,,,
Vakit, وقت,506,506,,,,
Ezan Saatleri,  ازان ساعتلري,830,1070,,,,
Ezan, ازان,59,59,,,,
Saat, ساعت,531,771,,,,
Osmanlıca, عثمانليجه,709,709,,,,
Osmanlı, عثمانلي,701,701,,,,
Osman, عثمان,661,661,,,,
İmsak Vakti, إمساك وقتي,638,878,,,,
Öğle Namazı, اوگله نمازي,170,170,,,,
İkindi Namazı, ايكندى نمازي,194,194,,,,
Akşam Namazı, آقشام نمازي,550,1250,,,,
Sabah Namazı, صباح نمازي,209,179,,,,
Yatsı Namazı, ياتسي نمازي,589,829,,,,
Çağdaş,چاغداش,1309,1909,,,,
Bu, بو,8,8,,,,
Teravih Namazı, تراويح نمازى,724,724,,,,
Teravih, تراويح,625,625,,,,
Başlıyor, باشلايور,550,1250,,,,
Aşure, عاشورا,578,1278,,,,
Abdest, آبدست,467,707,,,,
Abdesthane, آبدستخانه,1123,1363,,,,
Abes, عبث,572,572,,,,
Abide, آبده,12,12,,,,
Acaib, عجائب,87,87,,,,
Acele, عجله,108,108,,,,
Acaba, عجبا,76,76,,,,
Acem, عجم,113,113,,,,
Acemi, عجمی,123,123,,,,
Acil, عاجل,104,104,,,,
Acilen, عاجل,104,104,,,,
Aciz, عاجز,81,81,,,,
Acizane, عاجزانه,137,137,,,,
Adap, آداب,8,8,,,,
Adalet, عدالت,505,505,,,,
Adet, عادات,476,476,,,,
Aded, عدد,78,78,,,,
Adem, آدم,45,45,,,,
Adeta, عادتا,476,476,,,,
Adil, عادل,105,105,,,,
Adliyye, عدليه,119,119,,,,
Afaki, آفاقی,192,192,,,,
Afet, آفات,482,482,,,,
Aferin, آفرین,341,341,,,,
Afetzede, آفت زده,497,497,,,,
Afiyet, عافيت,561,561,,,,
Afrika, افریقا,392,392,,,,
Efsun, افسون,197,437,,,,
Af, عفو,156,156,,,,
Agah, آگاه,27,27,,,,
Ahali, اهالی,47,47,,,,
Ahbap, احباب,14,14,,,,
Ahid, عهد,79,79,,,,
Ahıret, آخرت,1201,1201,,,,
Ahıze, آخذه,1306,1306,,,,
Ahkam, احکام,70,70,,,,
Ahlak, اخلاق,732,732,,,,
Ahlat, اخلاط,641,641,,,,
Ahmak, احمق,149,149,,,,
Ahya, احيا,20,20,,,,
Akaid, عقائد,186,186,,,,
Akdem, اقدم,145,145,,,,
Akıbet, عاقبت,573,573,,,,
Âkıl, عاقِل,201,201,,,,
Akraba, اقرباء,305,305,,,,
Akrep, عقرب,372,372,,,,
Alaka, علاقه,206,206,,,,
Alakadar, علاقه دار,411,411,,,,
Alemet, علامت,541,541,,,,
Ocak, اوجاق,111,111,,,,
Şubat, شباط,312,1012,,,,
Mart, مارت,641,641,,,,
Nisan, نيسان,171,411,,,,
Mayıs, مايس,111,351,,,,
Haziran, خزيران,868,868,,,,
Temmuz, تموز,453,453,,,,
Ağustos, آغستس,1521,1901,,,,
Eylül, ايلول,77,77,,,,
Ekim, أكيم,71,71,,,,
Kasım, قاسم,201,441,,,,
Aralık, آرالق,332,332,,,,
Pazartesi, پازارايرتسى,883,1123,,,,
Salı, سالی,101,341,,,,
Çarşamba, چارشانبا,558,1258,,,,
Perşembe, پرشنبه,559,1259,,,,
Cuma, جمعه,118,118,,,,
Cumartesi, جمعه اي رتسى,790,1030,,,,
Pazar, پازار,211,211,,,,
Muharrem, محرم,288,288,,,,
Safer, صفر,370,340,,,,
Rebiül-evvel, ربيع اﻻول,350,350,,,,
Rebiül-âhir, ربيع اﻻآخره,1120,1120,,,,
Cumâdel-evvel , جمادى اﻻولى,118,118,,,,
Cumâdel-âhir, جمادى اﻻآخره,887,887,,,,
Recep, رجب,205,205,,,,
Şaban, شعبان,423,1123,,,,
Ramazan, رمضان,1091,381,,,,
Şevval, شوال,337,1037,,,,
Zilkade, ذى القعده,911,911,,,,
Zilhicce, ذى الحجه,748,748,,,,
At, ات,401,401,,,,
Fay, فاي,91,91,,,,
Yay, ياي,21,21,,,,
Vay, واي,17,17,,,,
Ay, اي,11,11,,,,
Ayna, آینا,62,62,,,,
Ayı, ايي,21,21,,,,
Arı, اري,211,211,,,,
Ana, آنا,52,52,,,,
Araba, ارابا,205,205,,,,
Kova, قوو,112,112,,,,
On, ا ون,57,57,,,,
Oyun, اويون,73,73,,,,
Ot, ا وط,16,16,,,,1 Tanımsız: ||1 boşluk||0 hareke
Ok, ا وق,107,107,,,,
Göl, گول,56,56,,,,
Körük, كوروك ,252,252,,,,
Ördek, اوردك,231,231,,,,
Öküz, اوكوز,40,40,,,,
Göz, گوز,33,33,,,,
Muhammet, محمد,92,92,,,,
Mehmet, محمد,92,92,,,,
Ahmet, احمد,53,53,,,,
Mustafa, مصطف,219,189,,,,
Âli, عالی,111,111,,,,
Meryem, مریم,290,290,,,,
Ömer, عُمر,310,310,,,,
İhsan, اِحسان,120,360,,,,
İsmail, اسماعیل,212,452,,,,
Esma, اَسما,102,342,,,,
Emir, امیر,251,251,,,,
Emire, أميرة,256,256,,,,
Yasin, یاسین,131,371,,,,
Emin, امين,101,101,,,,
Emine, امنه,96,96,,,,
Enise, اَنیسه,126,366,,,,
Bedri, بَدری,216,216,,,,
Bedriye, بدریه,221,221,,,,
Bekir, بكر,222,222,,,,
Bilal, بِلال,63,63,,,,
Belkıs, بِلقیس,202,442,,,,
Celal, جلال,64,64,,,,
Cemil, جَمیل,83,83,,,,
Cemile, جَمیله,88,88,,,,
Cevahir, جواهر,215,215,,,,
Cevriye, جورييه,234,234,,,,
Hafız, حافظ,989,889,,,,
Hamit, حامد,53,53,,,,
Habip, حبیب,22,22,,,,
Habibe, حبیبه,27,27,,,,
Hasan, حسن,118,358,,,,
Hüseyin, حسین,128,368,,,,
Husna, حُسنی,128,368,,,,
Hafsa, حَفصه,183,153,,,,
Halime, حلیمه,93,93,,,,
Hamza, حمزه,60,60,,,,
Hanife, حنیفه,153,153,,,,
Halit, خالِد,635,635,,,,
Halide, خالِده,640,640,,,,
Hatice, خدیجه,622,622,,,,
Halil, خلیل,670,670,,,,
Hayri, خيري,820,820,,,,
Raşit, راشد,505,1205,,,,
Refik, رفيق,390,390,,,,
Zekiye, ذَکیه,735,735,,,,
Zeliha, زليحا,56,56,,,,
Zehra, زهرا,213,213,,,,
Salim, سالم,131,371,,,,
Sami, سامی,111,351,,,,
Selim, سَلیم,140,380,,,,
Salime, سالمه,136,376,,,,
Sait, سَعد,134,374,,,,
Sakine, سَکینه,145,385,,,,
Sultan, سلطان,150,390,,,,
Selva, سِلوا,97,337,,,,
Selime, سَلیمه,145,385,,,,
Şahin, شاهین,366,1066,,,,
Şerif, شریف,590,1290,,,,
Şeyma, شيما,351,1051,,,,
Sadık, صادق,195,165,,,,
Salih, صالح,129,99,,,,
Saliha, صالحه,134,104,,,,
Tarık, طارق,310,310,,,,
Zafer, ظافر,1181,1081,,,,
Abit, عابد,77,77,,,,
Arif, عارف,351,351,,,,
Atıf, عاطِف,160,160,,,,
Aliye, عالیه,116,116,,,,
Abbas, عباس,133,373,,,,
Abdullah, عبد الله,142,142,,,,
Abdulhamit, عبد الحميد,169,169,,,,
Abdulhakim, عبد الحكيم,185,185,,,,
Abdulcelil, عبد الجليل,180,180,,,,
Abdulhalık, عبد الخالق,838,838,,,,
Abdulkadir, عبد القادر,412,412,,,,
Abdulaziz, عبد العزيز,201,201,,,,
Abdurrahman, عبد الرحمن,405,405,,,,
Abdurrahim, عبد الرحيم,365,365,,,,
abdulkerim, عبد الكريم,377,377,,,,
abdullatif, عبد اللطيف,236,236,,,,
abdulvahit, عبد الواحد,126,126,,,,
Adnan, عَدنان,175,175,,,,
Aziz, عزیز,94,94,,,,
Azize, عزیزه,99,99,,,,
Afra, افرا,282,282,,,,
İmran, إمرن,291,291,,,,
Galip, غالب,1033,933,,,,
Fatih, فاتح,489,489,,,,
Faruk, فاروق,387,387,,,,
Fatma, فاطمه,135,135,,,,
Feride, فریده,299,299,,,,
Fevziye, فوزيه,108,108,,,,
Kazım, کاظم,961,861,,,,
Kamil, کامل,91,91,,,,
Kerim, کریم,270,270,,,,
Kerime, کریمه,275,275,,,,
Kemal, کمال,91,91,,,,
Kevser, كوثر,726,726,,,,
Latife, لتيفه,525,525,,,,
Macit, ماجد,48,48,,,,
Macide, ماجده,53,53,,,,
Malik, مالِک,91,91,,,,
Mübarek, مبارک,263,263,,,,
Mahmut, محمود,98,98,,,,
Muhsin, محسن,158,398,,,,
Murat, مُراد,245,245,,,,
Mervan, مَروان,297,297,,,,
Mesut, مسعود,180,420,,,,
Münir, منير,300,300,,,,
Münire, مُنیره,305,305,,,,
Mehdi, مهدی,59,59,,,,
Naile, نائله,97,97,,,,
Naci, ناجی,64,64,,,,
Naciye, ناجیه,69,69,,,,
Nasır, ناصر,341,311,,,,
Nebil, نَبیل,92,92,,,,
Nebile, نبيله,97,97,,,,
Necla, نَجلا,84,84,,,,
Nesim, نَسیم,160,400,,,,
Nesibe, نَسیبه,127,367,,,,
Numan, نعمان,211,211,,,,
Naime, نائمه,107,107,,,,
Naim, نَعیم,170,170,,,,
Nefise, نَفیسه,205,445,,,,
Neval, نَوال,87,87,,,,
Nur, نور,256,256,,,,
Nesrin, نسرین,370,610,,,,
Nihat, نهاد,60,60,,,,
Nadire, نادره,260,260,,,,
Hacer, حجر,211,211,,,,
Haşim, هاشم,346,1046,,,,
Hadiye, هادیه,25,25,,,,
Hilal, هلال,66,66,,,,
Hifa, هيفاء,97,97,,,,
Velit, ولید,50,50,,,,
Verda, وَردا,211,211,,,,
Yasir, یاسر,271,511,,,,
Yasemin, یاسمین,171,411,,,,
Yusuf, یوسف,156,396,,,,
Yunus, یونس,126,366,,,,
Cihat, جهاد,13,13,,,,
Ceyda, جيدا,18,18,,,,
Cihan, جهان,59,59,,,,
Murtaza, مرتضی,1450,740,,,,
Musab, مصعب,202,172,,,,
Nuran, نوران,307,307,,,,
Ebrar, اَبرار,404,404,,,,
Celil, جلیل,73,73,,,,
Cennet, جَنت,453,453,,,,
Hayriye, خيريه,825,825,,,,
Remzi, رمزى,248,248,,,,
Selman, سَلمان,181,421,,,,
Semra, سَمرا,301,541,,,,
Sündüs, سُندُس,174,654,,,,
Şermin, شَرمین,600,1300,,,,
Şerife, شریفه,595,1295,,,,
Şefik, شفیق,490,1190,,,,
Şemsettin, شمس الدين,495,1435,,,,
Sıdkı, صدقي,204,174,,,,
Tahir, طاهر,215,215,,,,
Adile, عَدیله,119,119,,,,
Alime, عالمه,146,146,,,,
Ferit, فَرید,294,294,,,,
Kamile, کامله,96,96,,,,
Maya, مایا,52,52,,,,
Muhtar, مختار,1241,1241,,,,
Mercan, مرجان,294,294,,,,
Neriman, نَریمان,351,351,,,,
Nurettin, نور الدين,351,351,,,,
Vehbi, وهبي,23,23,,,,
Yaman, يامن,101,101,,,,
Melek, ملاك,91,91,,,,
Sacit, ساجد,68,308,,,,
Sacide, ساجده,73,313,,,,
Asım, اصم,131,101,,,,
Fazıl, فاضل,911,201,,,,
Fahri, فخری,890,890,,,,
Kâdir, قادر,305,305,,,,
Kenan, کنعان,191,191,,,,
Mahir, ماهر,246,246,,,,
Yezit, يزيد,31,31,,,,
İbrahim, اِبراهیم,259,259,,,,
Süleyman, سلیمان,191,431,,,,
Nermin, نرمين,350,350,,,,
Şehrazat, شهرزاد,517,1217,,,,
Şirin, شیرین,570,1270,,,,
Feryal, فريال,321,321,,,,
İshak, اِسحاق,170,410,,,,
İlyas, الیاس,102,342,,,,
Eyyüp, ایوب,19,19,,,,
Zekeriyya, زکریا,238,238,,,,
Suzan, سوزان,124,364,,,,
Nuh, نوح,64,64,,,,
Can, جان,54,54,,,,
Harun, هارون,262,262,,,,
Ahmet Arif, احمد عارف,404,404,,,,
İlhan, ايلخان,692,692,,,,
Güllü, كللي,90,90,,,,
Burak, براق,303,303,,,,
Keziban, كزيبان,90,90,,,,
Bedia, بديعة,91,91,,,,
Asiye, آسيه,76,316,,,,
Efe, أفه,86,86,,,,
Selman Efe, سلمان أفه,267,507,,,,
Mert, مرد,244,244,,,,
Altan, آلتان,482,482,,,,
Turgut, طورغود,1225,1125,,,,
Özge, اوزكه,39,39,,,,
Senem, سنم,150,390,,,,
Ferhan, فرحان,339,339,,,,
Rukiye, رقيه,315,315,,,,
Muammer, معمر,350,350,,,,
Enes, انس,111,351,,,,
Hüseyin Enes, حسين انس,239,719,,,,
Enes Kemal, انس كمال,202,442,,,,
Hasan Hüseyin, حسن حسين,246,726,,,,
Hilmi, حلمى,79,79,,,,
Ahmet Hilmi, أحمد حلمي,141,141,,,,
Mehmet Kemal, محمد كمال,183,183,,,,
Kezban, كزبان,80,80,,,,
Mustafa Selim, مصطف سليم,359,569,,,,
Zeynep, زینب,69,69,,,,
Gülderen, كلدرن,304,304,,,,
Zeynep Gülderen, زينب كلدرن,373,373,,,,
Gül, كل,50,50,,,,
Burak İlhan, بوراق ايلخان,1001,1001,,,,
Ayşe, عاءشه,377,1077,,,,
Ebu Bekir, ابوبکر,231,231,,,,
Rabia, رابعه,278,278,,,,
Büşra, بُشری,512,1212,,,,
Nisa, نسا,111,351,,,,
Ganime, غنيمة,1105,1005,,,,
Fatma Nisa, فاطمة نساء,247,487,,,,
Ganimet, غنيمة,1105,1005,,,,
Erkut, ايركت,631,631,,,,
Mikail, مئكاءيل,113,113,,,,
Mikail Altan, مكايل آلتان,583,583,,,,
Veli, ولی,46,46,,,,
Doğan, دوغان,1061,961,,,,
Erdoğan, اردوغان,1262,1162,,,,
Ertan, ارتان,652,652,,,,
Betül, بتول,438,438,,,,
Bahri, بحرى,211,211,,,,
Asya, آسيا,72,312,,,,
Sevtap, سوطاپ,78,318,,,,
Lütfiye, لطفيه,134,134,,,,
Gülsüm, کلثوم,596,596,,,,
Ümmü Gülsüm, اُم‌کلثوم,637,637,,,,
Kıymet, قيمت,550,550,,,,
Aslı, اصلي,131,101,,,,
Nursel, نورسل,346,586,,,,
Aylin, آیلین,101,101,,,,
Özcan, اوزجان,68,68,,,,
Özlem, اوزلم,84,84,,,,
Kübra, کُبری,232,232,,,,
Tuğba, طوبى,18,18,,,,
Ayşegül, عاءشه كل,427,1127,,,,
Su, صو,96,66,,,,
Fatma Su, فاطمة صو,231,201,,,,
İsmet, عصمت,600,570,,,,
Münevver, مُنور,296,296,,,,
Ela, الا,32,32,,,,
Ela Nur, الا نور,288,288,,,,
Cemal, جمال,74,74,,,,
Camal, جمال,74,74,,,,
Uğur, اوغور,1213,1113,,,,
Nuruz, نوروز,269,269,,,,
Ege, اكه,26,26,,,,
Süleyman Hilmi, سليمان حلمي,279,519,,,,
Tunahan, طوناخان,717,717,,,,
Emre, امره,246,246,,,,
Feridun, فريدون,350,350,,,,
İrem, ارم,241,241,,,,
İsra, اِسرا,262,502,,,,
Hakan, خاقان,752,752,,,,
Rumeysa, رُمَیصا,341,311,,,,
Sevim, سویم,116,356,,,,
Metin, متین,500,500,,,,
Erdinç, اردينچ,268,268,,,,
İnanç, انانچ,105,105,,,,
Nasuh, نصوح,154,124,,,,
Mümine, مؤمنه,142,142,,,,
Gülten, كلتن,500,500,,,,
Abdi, عبدى,77,77,,,,
Abdülbaki, عبد الباقي,220,220,,,,
Abdüssamed, عبدالصّمد,241,211,,,,
Acar, آجار,205,205,,,,
Adahan, آداخان,657,657,,,,
Adak, آداق,106,106,,,,
Adeviye, عدويه,95,95,,,,
Adviye, عدويه,95,95,,,,
Adıgüzel, آديكوزل,78,78,,,,
Afife, عفیفه,245,245,,,,
Afitap, آفتاب,484,484,,,,
Afşar, آفشار,582,1282,,,,
Ahsen, احسن,119,359,,,,
Ahu, آهو,12,12,,,,
Aişe, عاءشه,377,1077,,,,
Aişegül, عاءشه كل,427,1127,,,,
Ayşenur, عاءشه نور,633,1333,,,,
Ajda, اژدا,13,13,,,,
Akif, عاکِف,171,171,,,,
Alpcan, آلپ جان,87,87,,,,
Alper, آلپر,233,233,,,,
Arife, عارفه,356,356,,,,
Arzu, آرزو,214,214,,,,
Aslıhan, اصليخان,782,752,,,,
Asuman, آسمان,152,392,,,,
Atatürk, آتاتورك,1028,1028,,,,
Atilla, آتیلا,442,442,,,,
Aydın, آيدين,75,75,,,,
Ayfer, آيفر,291,291,,,,
Aykutalp, آيقود آلپ,154,154,,,,
Ayla, آیلا,42,42,,,,
Aynur, آی‌نور,267,267,,,,
Aysel, آیسل,101,341,,,,
Ayser, آيسر,271,511,,,,
Aysun, آيسون,127,367,,,,
Ayten, آيتن,461,461,,,,
Aytunç, آيتونچ,470,470,,,,
Aytül, آيتول,447,447,,,,
Bahaddin, بهاالدّين,103,103,,,,
Bahadır, بَهادر,212,212,,,,
Bahar, بهار,208,208,,,,
Banu, بانو,59,59,,,,
Begüm, بكوم,68,68,,,,
Belgin, بلكين,112,112,,,,
Belgüzar, برگزار,430,430,,,,
Berk, برق,302,302,,,,
Berkant, برقانت,753,753,,,,
Berkay, بركاى,224,224,,,,
Berna, برنا,253,253,,,,
Bertan, برتان,653,653,,,,
Besime, بسيمه,117,357,,,,
Beyhan, بيخان,663,663,,,,
Beyza, بيضا,813,103,,,,
Birgül, بيركل,262,262,,,,
Birol, بيرول,248,248,,,,
Birsel, بيرسل,302,542,,,,
Bora, بورا,209,209,,,,
Buket, بوكت,428,428,,,,
Burcu, برجو,211,211,,,,
Burhan, بُرهان,258,258,,,,
Cahid, جاهد,13,13,,,,
Cahit, جاهد,13,13,,,,
Canan, جانان,105,105,,,,
Candan, جاندن,108,108,,,,
Cansu, جانصو,150,120,,,,
Cemalettin, جمال الدين,169,169,,,,
Cemaleddin, جمال الدين,169,169,,,,
Cengiz, جنكيز,90,90,,,,
Cenker, جنكر,273,273,,,,
Ceren, جرن,253,253,,,,
Cevdet, جودت,413,413,,,,
Cihangir, جهانگیر,289,289,,,,
Coşkun, جوشقون,465,1165,,,,
Cüneyt, جنيد,67,67,,,,
Cüneyd, جنيد,67,67,,,,
Çağla, چاغلا,1035,935,,,,
Çiçek, چيچك,36,36,,,,
Çiğdem, چيكدم,77,77,,,,
Damla, داملا,76,76,,,,
Davut, داود,15,15,,,,
Davud, داود,15,15,,,,
Deniz, دگيز,41,41,,,,
Derya, دریا,215,215,,,,
Devlet, دولت,440,440,,,,
Dilara, دلآرا,236,236,,,,
Dilber, دلبر,236,236,,,,
Dilek, ديلك,64,64,,,,
Döne, دونه,65,65,,,,
Durdu, دوردو,220,220,,,,
Dursune, دورسونه,331,571,,,,
Dürdane, دُردانه,264,264,,,,
Ebru, ابرو,209,209,,,,
Ece, اجه,9,9,,,,
Ecehan, اجه خان,660,660,,,,
Ecmel, اجمل,74,74,,,,
Eda, أدا,6,6,,,,
Ekrem, اَکرم,261,261,,,,
Elif, الف,111,111,,,,
Elmas, الماس,132,372,,,,
Elvan, الف,111,111,,,,
Emel, أمل,71,71,,,,
Emral, أمرال,272,272,,,,
Eray, أراى,203,203,,,,
Erhan, أرخان,852,852,,,,
Erkan, اَرکان,272,272,,,,
Erman, ایرمان,302,302,,,,
Erol, أرول,237,237,,,,
Ertuğrul, أرتوغرول,1843,1743,,,,
Esengül, اسنكل,161,401,,,,
Esra, أسرا,262,502,,,,
Evren, اورن,257,257,,,,
Fadime, فاطمه,135,135,,,,
Fatoş, فاطوش,396,1096,,,,
Fazilet, فَضیلت,1320,610,,,,
Fehime, فهيمه,140,140,,,,
Feramuz, فرامز,328,328,,,,
Ferhat, فَرحت,688,688,,,,
Feriha, فرحه,293,293,,,,
Ferişte, فرشته,985,1685,,,,
Fethiye, فتحيه,503,503,,,,
Feyza, فيضا,891,181,,,,
Fırat, فرات,681,681,,,,
Figen, فيكن,160,160,,,,
Fikriye, فكريه,315,315,,,,
Filiz, فيليز,137,137,,,,
Firdevs, فردوس,350,590,,,,
Fuad, فؤاد,92,92,,,,
Fuat, فؤاد,92,92,,,,
Galib, غالب,1033,933,,,,
Gamze, غمزه,1052,952,,,,
Gazali, غزالى,1039,939,,,,
Gazi, غازى,1009,909,,,,
Gonca, غنجه,1058,958,,,,
Gökçe, كوكچه,54,54,,,,
Gökhan, كوكحان,105,105,,,,
Gökmen, كوكمن,136,136,,,,
Göksel, كوكسل,136,376,,,,
Gökşen, كوكشن,396,1096,,,,
Göktay, كوكطى,56,56,,,,
Gönül, كوڭل,106,106,,,,
Görkem, كوركم,286,286,,,,
Gözde, كوزده,42,42,,,,
Gülay, كُلاى,52,52,,,,
Gülcan, كُلجان,104,104,,,,
Gülden, كلدن,104,104,,,,
Güler, كولر,256,256,,,,
Gülhan, كولخان,707,707,,,,
Gülistan, كلستان,561,801,,,,
Gülizar, كُلعذار,1021,1021,,,,
Gülnaz, كلناز,108,108,,,,
Gülsen, كولسن,166,406,,,,
Gülser, كُلسر,310,550,,,,
Gülseren, كُلسرن,360,600,,,,
Gülşah, كلشاه,356,1056,,,,
Günay, كناى,72,72,,,,
Günseli, كونسلى,167,407,,,,
Gürbüz, كربز,229,229,,,,
Gürcan, كورجان,280,280,,,,
Haluk, خلوق,736,736,,,,
Hamdiye, حمديه,67,67,,,,
Hamide, حمیده,67,67,,,,
Handan, خندان,705,705,,,,
Hanım, خانم,691,691,,,,
Halis, خالص,721,691,,,,
Hanifi, حنيفى,149,149,,,,
Hasbiye, حسبيه,85,325,,,,
Hasibe, حَسیبه,85,325,,,,
Hatem, حاتم,449,449,,,,
Havva, حوّا,15,15,,,,
Havvagül, حوّا كل,65,65,,,,
Havva Gül, حوّا كل,65,65,,,,
Hediye, هدیه,24,24,,,,
Huri, حوری,224,224,,,,
Huriye, حوریه,229,229,,,,
Huruşan, خروشان,1157,1857,,,,
Hülya, خوليا,647,647,,,,
Hümeyra, حميراء,260,260,,,,
Hüsne, حسنه,123,363,,,,
İfakat, افاقت,582,582,,,,
İklime, اِقلیما,182,182,,,,
İlknur, ايلكنور,317,317,,,,
İmren, إمرن,291,291,,,,
İnci, اينجى,65,65,,,,
İsa, عیسی,150,390,,,,
Kadri, قدري,314,314,,,,
Kadriye, قدريه,319,319,,,,
Kaniye, كانيه,86,86,,,,
Kerem, كرم,260,260,,,,
Kısmet, قسمت,600,840,,,,
Kibar, كبار,223,223,,,,
Kubilay, قوبيلاى,150,150,,,,
Kudret, قدرت,704,704,,,,
Kürşat, كورشات,927,1627,,,,
Lale, لاله,66,66,,,,
Leyla, لیلا,71,71,,,,
Lütfi, لطفي,129,129,,,,
Mahbub, محبوب,58,58,,,,
Mahire, ماهره,251,251,,,,
Mahmud, محمود,98,98,,,,
Maide, ماءده,51,51,,,,
Makbule, مَقبوله,183,183,,,,
Mecid, مجيد,57,57,,,,
Mecit, مجيد,57,57,,,,
Mediha, مَدیحه,67,67,,,,
Mehmed, محمد,92,92,,,,
Mehtab, مهتاب,448,448,,,,
Mehtap, مَهتاب,448,448,,,,
Melahat, ملاحت,479,479,,,,
Meliha, مليحه,93,93,,,,
Melike, مَلیکه,105,105,,,,
Melis, مَليس,140,380,,,,
Meltem, ملتم,510,510,,,,
Meral, مرال,271,271,,,,
Mersiye, مرثيه,755,755,,,,
Merve, مروه,251,251,,,,
Mesud, مسعود,180,420,,,,
Mete, مهته,450,450,,,,
Mihriban, مهربان,298,298,,,,
Mine, مينه,105,105,,,,
Miyase, مياسه,116,356,,,,
Muazzez, معزّز,124,124,,,,
Muhammed, محمّد,92,92,,,,
Murad, مراد,245,245,,,,
Musa, موسی,116,356,,,,
Mutlu, موتلو,482,482,,,,
Mübeccel, مبجّل,75,75,,,,
Mücevher, مجوهر,254,254,,,,
Mürüvvet, مروّت,646,646,,,,
Müsade, مصاده,140,110,,,,
Müzeyyen, مزيّن,107,107,,,,
Nadide, ناديده,74,74,,,,
Nalan, نالان,132,132,,,,
Narin, نارین,311,311,,,,
Naz, ناز,58,58,,,,
Nazife, نظيفه,1045,945,,,,
Nazire, نَظیره,1165,1065,,,,
Nazlı, نازلى,89,89,,,,
Nazmiye, نظميه,1005,905,,,,
Necdet, نجدت,457,457,,,,
Necmiye, نَجمیه,108,108,,,,
Nergis, نركس,330,570,,,,
Nesime, نَسیمه,165,405,,,,
Neslihan, نسليخان,801,1041,,,,
Nevin, نوين,116,116,,,,
Nevriye, نوريه,271,271,,,,
Nevzat, نوزاد,68,68,,,,
Nezihe, نزيهه,77,77,,,,
Nigar, نِگار,271,271,,,,
Nihal, نهال,86,86,,,,
Nil, نیل,90,90,,,,
Nilay, نيلاي,101,101,,,,
Nilüfer, نیلوفر,376,376,,,,
Nilva, نيلوا,97,97,,,,
Nimet, نِعمت,560,560,,,,
Nuray, نوراى,258,258,,,,
Nurcan, نورجان,310,310,,,,
Nureddin, نورالدّين,351,351,,,,
Nuri, نوری,266,266,,,,
Nuriye, نوریه,271,271,,,,
Nurseli, نورسلى,347,587,,,,
Nurşen, نورشن,606,1306,,,,
Nurten, نورتن,706,706,,,,
Nurullah, نور الله,322,322,,,,
Oğuz, اوغوز,1020,920,,,,
Oğuzhan, اوغوزخان,1671,1571,,,,
Okan, اوقان,158,158,,,,
Olcay, اولجاى,42,42,,,,
Onur, اونور,263,263,,,,
Oruç, اوروچ,216,216,,,,
Orhan, اورخان,858,858,,,,
Oya, اويا,18,18,,,,
Ozan, اوزان,65,65,,,,
Önder, اوگدر,231,231,,,,
Özay, اوزاى,16,16,,,,
Özgünaz, اوزكو نا,91,91,,,,
Özgül, ازكل,58,58,,,,
Özgür, اوزكور,240,240,,,,
Öznur, اوزنور,270,270,,,,
Pakize, پاكيزه,45,45,,,,
Pelin, پلين,92,92,,,,
Pembe, پمبه,49,49,,,,
Perihan, پريخان,863,863,,,,
Pınar, پینار,263,263,,,,
Radiye, راضيه,1016,306,,,,
Rahmet, رحمت,648,648,,,,
Rahmi, رحمى,249,249,,,,
Raziye, رازيه,223,223,,,,
Refika, رفيقه,395,395,,,,
Regaib, رغاءب,1204,1104,,,,
Regaip, رغاءب,1204,1104,,,,
Remziye, رمزيه,262,262,,,,
Resul, رسول,296,536,,,,
Reyhan, ریحان,269,269,,,,
Reyyan, ريّان,261,261,,,,
Rıdvan, رضوان,1057,347,,,,
Ruhiye, روحيه,229,229,,,,
Rümeysa, رُميسا,311,551,,,,
Rüveyda, رويده,225,225,,,,
Saadet, سَعادت,535,775,,,,
Sabahat, صباحت,501,471,,,,
Sabiha, صبيحه,115,85,,,,
Sabire, صبيره,307,277,,,,
Sabriye, صبریه,307,277,,,,
Safvet, صفوت,576,546,,,,
Saffet, صفوت,576,546,,,,
Safiye, صَفیه,185,155,,,,
Saide, سعیده,149,389,,,,
Said, سعيد,144,384,,,,
Saime, صائمه,147,117,,,,
Samed, صمد,134,104,,,,
Samet, صمد,134,104,,,,
Sanem, صنم,180,150,,,,
Saniye, ثانيه,566,566,,,,
Satı, صاتى,492,462,,,,
Seçil, سچيل,103,343,,,,
Seda, صدا,95,65,,,,
Sedat, سداد,69,309,,,,
Sefa, سفا,141,381,,,,
Seher, سحر,268,508,,,,
Selahattin, صلاح الدين,224,194,,,,
Selahaddin, صلاحالدّين,224,194,,,,
Selçuk, سلچوق,199,439,,,,
Selda, سلدا,95,335,,,,
Selma, سِلما,131,371,,,,
Selvi, سلوى,97,337,,,,
Semahat, سماحت,509,749,,,,
Semih, سميح,118,358,,,,
Semiha, سميحه,123,363,,,,
Serap, سراب,263,503,,,,
Serdar, سردار,465,705,,,,
Serkan, سرقان,411,651,,,,
Sermet, سرمد,304,544,,,,
Sermin, سرمين,360,600,,,,
Serpil, سرپل,292,532,,,,
Servet, ثروت,1106,1106,,,,
Seval, سوال,97,337,,,,
Sevda, سودا,71,311,,,,
Sevgi, سَوكى,87,327,,,,
Sıddık, صِدیق,204,174,,,,
Sıddıka, صدّيقه,209,179,,,,
Sıdıka, صدّيقه,209,179,,,,
Sibel, سيبل,102,342,,,,
Sinan, سنان,161,401,,,,
Solmaz, صولماز,174,144,,,,
Soner, صوڭر,346,316,,,,
Songül, صوڭكل,196,166,,,,
Suna, صونا,147,117,,,,
Süheyla, سُهیلا,106,346,,,,
Sünbül, سُنبل,142,382,,,,
Şadiye, شادیه,320,1020,,,,
Şafak, شفاق,481,1181,,,,
Şafiye, شافيه,396,1096,,,,
Şaheser, شاه أثر,1007,1707,,,,
Şaziye, شازيه,323,1023,,,,
Şebnem, شبنم,392,1092,,,,
Şehri, شهرى,506,1206,,,,
Şenol, شنول,386,1086,,,,
Şöhret, شهرت,905,1605,,,,
Şükran, شكران,571,1271,,,,
Şükriye, شكريه,535,1235,,,,
Şükrü, شكرى,521,1221,,,,
Tahsin, تحسین,528,768,,,,
Talha, طَلحه,52,52,,,,
Talia, طالعه,115,115,,,,
Taner, تاڭر,651,651,,,,
Tayyip, طَیب,21,21,,,,
Tayyib, طيّب,21,21,,,,
Tenzile, تنزيله,502,502,,,,
Teslime, تسليمه,545,785,,,,
Tuba, طوبی,27,27,,,,
Tufan, طوفان,146,146,,,,
Turhan, طورخان,866,866,,,,
Tülay, تولاى,438,438,,,,
Türkan, توركان,677,677,,,,
Ufuk, افق,181,181,,,,
Umut, اوموت,453,453,,,,
Ülfet, الفت,511,511,,,,
Ümran, عمران,361,361,,,,
Ünal, اونال,88,88,,,,
Vahide, واحده,24,24,,,,
Vahit, واحد,19,19,,,,
Vahid, واحد,19,19,,,,
Vasfiye, وصفيه,191,161,,,,
Vildan, ولدان,91,91,,,,
Yadigar, یادگار,236,236,,,,
Yaşar, یاشار,512,1212,,,,
Yavuz, ياووز,30,30,,,,
Yelda, یَلدا,45,45,,,,
Yeliz, يليز,57,57,,,,
Yeşim, يشيم,360,1060,,,,
Yıldıray, يلديراى,256,256,,,,
Yıldırım, ییلدیرم,304,304,,,,
Yıldız, ييلديز,71,71,,,,
Yüksel, يوكسل,126,366,,,,
Zahide, زاهده,22,22,,,,
Zennuriye, ذنّوريه,971,971,,,,
Zeyneb, زينب,69,69,,,,
Zeytin, زیتون,473,473,,,,
Zübeyde, زُبیده,28,28,,,,
Zühal, زحل,45,45,,,,
Zülal, زلال,68,68,,,,
Züleyha, زليخة,652,652,,,,
Zülfiye, زلفيه,132,132,,,,
Zülfü, زلفو,123,123,,,,
Ahmed Arif, احمد عارف,404,404,,,,
Arif Ahmet, عارف احمد,404,404,,,,
Arif Ahmed, عارف احمد,404,404,,,,
Abdulhamid, عبد الحميد,169,169,,,,
Ayşe gül, عائشة كل,437,1137,,,,
Zehra Betül, زهرة بتول,655,655,,,,
Ertürk, ارتورك,827,827,,,,
Yakub, يعقوب,188,188,,,,
Seyit, سيد,74,314,,,,
Hadice, خديجة,622,622,,,,
Hafize, حفيظه,1003,903,,,,
Mevlüde, مولوده,91,91,,,,
Fikri, فكري,310,310,,,,
Tayfun, طيفون,155,155,,,,
Hacı, حاجى,13,13,,,,
Güngör, كونكور,302,302,,,,
Adlar, آدلار,236,236,,,,
Oğlan Adı,اوغلان آدی,1103,1003,,,,
Ad, آد,5,5,,,,
Burçin, بورچین,271,271,,,,
İsimler, اسملر,331,571,,,,
Güzel, گوزل,63,63,,,,
Türkcenin, تركجه نك,698,698,,,,
Türkce, تركجه,628,628,,,,
bir, بر,202,202,,,,
iki, ایكی,41,41,,,,
üç, اوچ,10,10,,,,
dört, درت,604,604,,,,
beş, بش,302,1002,,,,
altı, آلتی,441,441,,,,
yedi, یدی,24,24,,,,
sekiz, سكز,87,327,,,,
dokuz, طقوز,122,122,,,,
onbir, اون بر,259,259,,,,
oniki, اون ایکی,98,98,,,,
Fatih Sultan Mehmet, فاتح سلطان محمد,731,971,,,,
Maaş, معاش,411,1111,,,,
Kelime, كلمه,95,95,,,,
Kainat, كائنات,483,483,,,,
istisna, استثناء,1013,1253,,,,
Irsi, ارثی,711,711,,,,
Sümeyye, سُمیه,115,355,,,,
Recep Tayyip, رجب طيّب,226,226,,,,
Yemuş, يه موش,361,1061,,,,
Kamer, قمر,340,340,,,,
Kanaat, قناعة,226,226,,,,
Bülent, بلند,86,86,,,,
Eşref, اَشرف,581,1281,,,,
Memnune, ممنونة,191,191,,,,
Rıza, رضا,1001,291,,,,
Ali Rıza, علي رضا,1111,401,,,,
Abdulferid, عبدالفريد,401,401,,,,
Ferid, فريد,294,294,,,,
Abdülferid, عبدالفريد,401,401,,,,
Eymen, ايمن,101,101,,,,
Necmeddin, نجم الدين,188,188,,,,
Necmettin, نَجم‌الدین,188,188,,,,
Sabri, صبری,302,272,,,,
Mehmet Sabri, محمد صبري,394,364,,,,
Güzide, كوزيده,52,52,,,,
Ahmet Mesut, أحمد مسعود,233,473,,,,
Haydar, حیدر,222,222,,,,
Muzaffer, مُظفر,1220,1120,,,,
Keriman, كريمان,321,321,,,,
Şeyhmus, شهموز,358,1058,,,,
Şehmuz, شهموز,358,1058,,,,
Temren, تمرن,690,690,,,,
Mülkinaz, ملكيناز,158,158,,,,
Kürşad, كورشاد,531,1231,,,,
Gülal, كلال,81,81,,,,
Behtiye, بهتيه,422,422,,,,
Tevhide, توحیدا,429,429,,,,
Güleser, كل أسر,311,551,,,,
Nesip, نسيب,122,362,,,,
Şahhanım, شاه خانم,997,1697,,,,
Aytekin, آيتكين,491,491,,,,
Nezaket, نزاكت,478,478,,,,
Nurşah, نورشاه,562,1262,,,,
Mebrure, مبروره,453,453,,,,
Râhime, راحمه,254,254,,,,
Asena, آسه نه,121,361,,,,
Pervin, پروین,268,268,,,,
Asime, اصمه,136,106,,,,
Sema, سَما,101,341,,,,
Dila, ديلا,45,45,,,,
Hakime, حاكمه,74,74,,,,
Lamia, لامِعه,146,146,,,,
Şennaz, شن ناز,408,1108,,,,
Şener, شن أر,551,1251,,,,
Gülçin, كلچېن,1 Tanımsız: Chr(1744) ||1 boşluk||0 hareke,1 Tanımsız: Chr(1744) ||1 boşluk||0 hareke,,,,
Altay, التاى,433,433,,,,
Nurcihan, نورجهان,315,315,,,,
Antar, عنتر,720,720,,,,
Meriç, مرچ,243,243,,,,
Sevkan, سوقان,217,457,,,,
Özdil, اوزدل,48,48,,,,
Gülzade, كل زاده,67,67,,,,
Sadullah, صعاد الله,231,201,,,,
Nurhan, نورخان,907,907,,,,
Şinasi, شناسى,412,1352,,,,
Kadem, قدم,144,144,,,,
Tuna, طونه,70,70,,,,
Neziha, نزيهه,77,77,,,,
Tamam, تمام,481,481,,,,
Semira, سميره,315,555,,,,
Beyaz, بياض,813,103,,,,
Mihdiye, مهديه,64,64,,,,
Yurda, يوردا,221,221,,,,
Aybars, أيبارس,274,514,,,,
Zümra, زمرا,248,248,,,,
Sahra, صحراء,300,270,,,,
Akhenaton, اخناتون,1108,1108,,,,
Ümmiye, أمّية,56,56,,,,
Safura, صافورا,378,348,,,,
Ersel, ارسل,291,531,,,,
Muteber, معتبر,712,712,,,,
Gülsevim, كل سويم,166,406,,,,
Emriye, امريه,256,256,,,,
Didar, دیدار,219,219,,,,
Berrak, برّاق,303,303,,,,
Medine, مدينه,109,109,,,,
Güldeste, كل دسته,519,759,,,,
Necati, نجاتى,455,455,,,,
Çimen, چمن,93,93,,,,
Baki, باقي,113,113,,,,
Bakiye, باقيه,118,118,,,,
Feriye, فرييه,305,305,,,,
Rabiatül Adeviye, رابعة العدوية,404,404,,,,
Gülçimen, كلچمن,143,143,,,,
Nazike, نازكه,83,83,,,,
Fındık, فندق,234,234,,,,
Duran, دوران,261,261,,,,
Abidin, عابدين,137,137,,,,
Zümrüt, زمرد,251,251,,,,
Zühriye, زهريه,227,227,,,,
Ziyaüddin, ضياءالدّين,907,197,,,,
Zilan, زيلان,98,98,,,,
Zeynullah, زين الله,133,133,,,,
Zeynelabidin, زین‌العابدین,235,235,,,,
Zeynel, زينل,97,97,,,,
Zeyd, زيد,21,21,,,,
Zerrin, زرین,267,267,,,,
Zekeriya, زكريا,238,238,,,,
Zarife, ظریفه,1195,1095,,,,
İnşirah, انشراح,560,1260,,,,
Gülhatun, كل خاتون,1107,1107,,,,
Yuşa, یُوشع,386,1086,,,,
Yurdaer, يورده ار,426,426,,,,
Yücel, يوجل,49,49,,,,
Yonca, يونجا,70,70,,,,
Yılmaz, ييلماز,98,98,,,,
Yiğit, ييكيت,450,450,,,,
Yeter, يتر,610,610,,,,
Yekta, یکتا,431,431,,,,
Yaser, ياسر,271,511,,,,
Yaren, يارن,261,261,,,,
Yaprak, ياپراق,314,314,,,,
Yağmur, ياغمور,1257,1157,,,,
Yağız, ياغيز,1028,928,,,,
Vuslat, وصلت,526,496,,,,
Veysi, ويسى,77,317,,,,
Veysel, ويسل,106,346,,,,
Vesile, وسيله,111,351,,,,
Vera, ورع,276,276,,,,
Vedat, وِداد,15,15,,,,
Vatan, وطن,65,65,,,,
Vasfi, وصفي,186,156,,,,
Ünzile, انزيله,103,103,,,,
Ümmü, امّ,41,41,,,,
Üzeyir, عزير,287,287,,,,
Ümmühan, امّ خان,692,692,,,,
Ümmügülsüm, امّ كلثم,631,631,,,,
Ülkü, اولكو,63,63,,,,
Ülgen, اولكن,107,107,,,,
Uzel, اوزل,44,44,,,,
Umutcan, اومودجان,111,111,,,,
Umay, اوماى,49,49,,,,
Ulaş, اولاش,338,1038,,,,
Ukba, عقبى,173,173,,,,
Türk, تورك,626,626,,,,
Turgay, طورغاى,1217,1117,,,,
Turan, توران,657,657,,,,
Tuncer, تونجر,659,659,,,,
Tunay, توناى,458,458,,,,
Tülin, تولين,496,496,,,,
Tuğrul, طوغرول,1251,1151,,,,
Tuğra, طغرا,1210,1110,,,,
Tuana, توانا,458,458,,,,
Treyscilia, تيريسجيليا,734,974,,,,
Toprak, طوپراق,318,318,,,,
Tolga, طولقا,146,146,,,,
Timurhan, تيمورخان,1307,1307,,,,
Timur, تيمور,656,656,,,,
Timuçin, تيموچين,519,519,,,,
Teoman, تءومان,498,498,,,,
Tenay, تنآى,452,452,,,,
Temel, تمل,470,470,,,,
Tekin, تکین,480,480,,,,
Taybar, تايبار,614,614,,,,
Tarkan, تارقان,752,752,,,,
Tansu, طاڭصو,156,126,,,,
Tansel, تانسل,541,781,,,,
Talip, طالب,42,42,,,,
Talat, طلعت,509,509,,,,
Taha, طاها,16,16,,,,
Tacettin, تاج الدّين,499,499,,,,
Şeref, شرف,580,1280,,,,
Şahinde, شاهينده,375,1075,,,,
Şule, شعله,405,1105,,,,
Şükür, شكر,520,1220,,,,
Şüheda, شهدا,310,1010,,,,
Şuayb, شعيب,382,1082,,,,
Şivan, شيوان,367,1067,,,,
Şiar, شعار,571,1271,,,,
Şeyda, شِیدا,315,1015,,,,
Şevki, شوقي,416,1116,,,,
Şevket, شوکت,726,1426,,,,
Şentürk, شنتورك,976,1676,,,,
Şennur, شن نور,606,1306,,,,
Şeniz, شنيز,367,1067,,,,
Şendoğan, شن دوغان,1411,2011,,,,
Şenay, شن آى,352,1052,,,,
Şehriban, شهربان,558,1258,,,,
Şehnaz, شهناژ,363,1063,,,,
Şefika, شفيقه,495,1195,,,,
Şahan, شاهان,357,1057,,,,
Şaduman, شادمان,396,1096,,,,
Sudenur, سوده نور,331,571,,,,
Sude, سوده,75,315,,,,
Siyabend, سييابند,137,377,,,,
Sıtkı, صدقى,195,165,,,,
Sırma, صئرمه,346,316,,,,
Simge, سيمگه,135,375,,,,
Sıla, صله,125,95,,,,
Sezgi, سزكى,88,328,,,,
Seyyide, سيّده,79,319,,,,
Seyyid, سيّد,74,314,,,,
Seyhan, سيخان,721,961,,,,
Seyfullah, سِیف‌الله,216,456,,,,
Sevinç, سوينچ,129,369,,,,
Sevil, سِویل,106,346,,,,
Sevdegül, سوده كل,125,365,,,,
Sevde, سوده,75,315,,,,
Sevdanur, سودانور,327,567,,,,
Sevcan, سوجان,120,360,,,,
Sevban, ثَوبان,559,559,,,,
Serya, سريا,271,511,,,,
Server, سرور,466,706,,,,
Sertan, سرتان,711,951,,,,
Sertaç, سرتاچ,664,904,,,,
Serra, سرّاء,262,502,,,,
Serhat, سرحد,272,512,,,,
Serenay, سرناى,312,552,,,,
Serdem, سردم,304,544,,,,
Serçiyan, سرچييان,334,574,,,,
Sercan, سرجان,314,554,,,,
Senanur, ثنانور,807,807,,,,
Sena, ثَنا,551,551,,,,
Semanur, سمانور,357,597,,,,
Selviye, سلويه,111,351,,,,
Selina, سلينا,151,391,,,,
Selin, سَلین,150,390,,,,
Selay, سلاى,92,332,,,,
Sefer, سفر,340,580,,,,
Seden, سدن,114,354,,,,
Sedef, صدف,174,144,,,,
Sedanur, صدانور,351,321,,,,
Seçkin, سچكين,143,383,,,,
Satılmış, صاتيلمش,871,1541,,,,
Sarp, صارپ,293,263,,,,
Sara, سارا,262,502,,,,
Sancaklı, سانجاقلى,246,486,,,,
Safa, صفا,171,141,,,,
Sadıka, صادقه,200,170,,,,
Saadettin, سعد الدّين,229,469,,,,
Sadegül, ساده كل,120,360,,,,
Sabahattin, صباحالدّين,196,166,,,,
Raif, راءف,282,282,,,,
Raşide, راشده,510,1210,,,,
Rüzgar, روزگار,434,434,,,,
Rüveyde, رويده,225,225,,,,
Rüştü, رشدى,505,1205,,,,
Ruşen, روشن,556,1256,,,,
Rıfat, رفعت,750,750,,,,
Reha, رها,206,206,,,,
Rasime, راسمه,306,546,,,,
Rasim, راسم,301,541,,,,
Rana, رعنا,321,321,,,,
Ramiz, رامز,248,248,,,,
Polat, پولات,439,439,,,,
Paşa, پاشا,304,1004,,,,
Ömürlü, عمرلو,346,346,,,,
Ömür, عمر,310,310,,,,
Özüberk, اوزىبرك,237,237,,,,
Öztürk, اوزتورك,640,640,,,,
Özsu, اوزصو,110,80,,,,
Özkan, اوزقان,165,165,,,,
Özhan, اوزخان,665,665,,,,
Özgürhan, اوزكورخان,891,891,,,,
Özen, اوزن,64,64,,,,
Özden, اوزدن,68,68,,,,
Öykü, اويكو,43,43,,,,
Ölmez, اولمز,84,84,,,,
Orhanalp, اورخان الپ,891,891,,,,
Nurçin, نورچين,319,319,,,,
Nurseven, نورسون,372,612,,,,
Nazik, نازك,78,78,,,,
Nusret, نُصرت,740,710,,,,
Nurulhüda, نورالهدا,297,297,,,,
Nurmelek, نورملك,346,346,,,,
Nurgül, نوركل,306,306,,,,
Nurdan, نوردن,310,310,,,,
Nurbanu, نوربانو,315,315,,,,
Niyazi, نيازى,69,69,,,,
Nisanur, نسانور,367,607,,,,
Nihan, نهان,106,106,,,,
Nida, نِدا,55,55,,,,
Nezir, نَذیر,960,960,,,,
Nevanur, نوانور,313,313,,,,
Neva, نوا,57,57,,,,
Neslişah, نسل شاه,446,1386,,,,
Neşe, نشءه,356,1056,,,,
Nehir, نهر,255,255,,,,
Nedime, نَدیمه,109,109,,,,
Nedim, نديم,104,104,,,,
Necibe, نجيبه,70,70,,,,
Necip, نَجیب,65,65,,,,
Nazlıcan, نازلى جان,143,143,,,,
Nazan, نازان,109,109,,,,
Nagihan, ناگهان,127,127,,,,
Nagehan, ناگهان,127,127,,,,
Nafize, نافذه,836,836,,,,
Nafiz, نافذ,831,831,,,,
Nafiye, نافيه,146,146,,,,
Nadiye, ناديه,70,70,,,,
Minnet, منّت,490,490,,,,
Mahperi, ماهپرى,249,249,,,,
Meserret, مسرّت,700,940,,,,
Müyesser, ميسّر,310,550,,,,
Müslüm, مسلم,170,410,,,,
Müslime, مسلمه,175,415,,,,
Müslim, مُسلِم,170,410,,,,
Müşerref, مشرّف,620,1320,,,,
Muradiye, مراديه,260,260,,,,
Munise, مونسه,161,401,,,,
Mülhime, ملهمه,120,120,,,,
Mukaddes, مقدّس,204,444,,,,
Müjgan, مژگان,118,118,,,,
Müjdat, موژداد,62,62,,,,
Müge, موكه,71,71,,,,
Mücella, مجلّا,74,74,,,,
Mücahit, مجاهد,53,53,,,,
Müberra, مبرّا,243,243,,,,
Muaz, معاذ,811,811,,,,
Mualla, معلّى,141,141,,,,
Mirza, ميرزا,258,258,,,,
Miray, ميراى,252,252,,,,
Mindaş, مينطاش,410,1110,,,,
Mina, مئنا,102,102,,,,
Mikdat, مقداد,149,149,,,,
Meyra, ميرا,251,251,,,,
Mevlüt, مولد,80,80,,,,
Mevlit, مولد,80,80,,,,
Meva, مأوى,48,48,,,,
Meriha, مريخه,855,855,,,,
Merih, مريخ,850,850,,,,
Mennan, منّان,141,141,,,,
Menekşe, منكشه,415,1115,,,,
Melisa, ملیسا,141,381,,,,
Melda, ملدا,75,75,,,,
Mekiye, مكئه,76,76,,,,
Mazlum, مظلوم,1016,916,,,,
Maksut, مقصود,240,210,,,,
Mahsun, محسون,164,404,,,,
Mahinur, ماه نور,302,302,,,,
Mahidevran, ماهدوران,307,307,,,,
Lütfü, لطفى,120,120,,,,
Lokman, لقمان,221,221,,,,
Levent, لوند,90,90,,,,
Leman, لمعان,191,191,,,,
Lami, لامع,141,141,,,,
Kiraz, كيراز,238,238,,,,
Kutluhan, قوتلى خان,1188,1188,,,,
Kutay, قوتاى,508,508,,,,
Koray, قوراى,308,308,,,,
Kıvanç, قيوانچ,170,170,,,,
Kibariye, كباريه,238,238,,,,
Keskinkılıç, كسكين قيليچ,313,553,,,,
Kayra, قايرا,312,312,,,,
Kaya, قايا,112,112,,,,
Kardelen, قاردلن,385,385,,,,
Kamuran, کامران,312,312,,,,
Kamber, قنبر,352,352,,,,
Kalender, قلندر,384,384,,,,
Kahraman, قهرمان,396,396,,,,
Kağan, قاغان,1152,1052,,,,
Kaan, قاآن,152,152,,,,
İzzet, عِزت,477,477,,,,
İsrafil, اِسرافیل,382,622,,,,
Ismahan, اسم خان,752,992,,,,
İsmihan, اسم خان,752,992,,,,
İskender, اسکندر,335,575,,,,
İrfan, عرفان,401,401,,,,
İpek, ایپک,33,33,,,,
İmdat, امداد,50,50,,,,
İlker, ايلكر,261,261,,,,
İlke, ايلكه,66,66,,,,
İlkay, ايلك آى,63,63,,,,
İlhami, الهامى,78,78,,,,
İlgi, ايلكى,62,62,,,,
İlayda, ايلايدا,57,57,,,,
İkrime, اكرمه,266,266,,,,
İkra, اقرأ,302,302,,,,
İkbal, اِقبال,134,134,,,,
İdris, اِدریس,275,515,,,,
İclal, اِجلال,65,65,,,,
Iraz, ايراز,219,219,,,,
Haris, حارث,709,709,,,,
Hicran, هجران,259,259,,,,
Huzeyfe, حذيفه,803,803,,,,
Hüsnü, حسنى,119,359,,,,
Hüsna, حسنى,119,359,,,,
Hürü, خرو,806,806,,,,
Hürcan, حرجان,262,262,,,,
Hunalp, حون آلپ,97,97,,,,
Hüma, هُما,46,46,,,,
Hulusi, خلوصى,727,697,,,,
Hivel, هيول,51,51,,,,
Hilmiye, حلميه,93,93,,,,
Hidayet, هدايت,420,420,,,,
Helin, هلين,95,95,,,,
Hazim, حازم,56,56,,,,
Hayrettin, خئرالدّين,906,906,,,,
Hayati, حياتى,420,420,,,,
Hayat, حیات,419,419,,,,
Havvanur, حوّا نور,271,271,,,,
Havana, حوا آنا,67,67,,,,
Hatun, خاتون,1057,1057,,,,
Hasret, حسرت,668,908,,,,
Hande, خنده,659,659,,,,
Halise, خالصه,726,696,,,,
Hale, هاله,41,41,,,,
Hakkı, حقّى,109,109,,,,
Habil, هابیل,48,48,,,,
Habib, حبيب,22,22,,,,
Gürsel, كورسل,316,556,,,,
Güven, كوون,82,82,,,,
Gürkan, گورقان,377,377,,,,
Gürhan, كورخان,877,877,,,,
Gurbet, غربت,1602,1502,,,,
Güntülü, كونتولى,513,513,,,,
Güner, كونر,276,276,,,,
Gündüz, كوندوز,93,93,,,,
Gümüş, كوموش,372,1072,,,,
Gülserap, كل سراب,313,553,,,,
Gülsefa, كلصفا,221,191,,,,
Gülperi, كل پرى,253,253,,,,
Gülnur, كلنور,306,306,,,,
Gülnazik, كلنازك,128,128,,,,
Gülendam, كل اندام,146,146,,,,
Gülen, كولن,106,106,,,,
Gülbin, كلبين,112,112,,,,
Güçer, كوچر,229,229,,,,
Göktuğ, گوكتوغ,1452,1352,,,,
Gökçen, گوكچن,99,99,,,,
Gizem, كيزم,77,77,,,,
Gaye, غايه,1016,916,,,,
Fethullah, فتح الله,554,554,,,,
Furkan, فُرقان,431,431,,,,
Fulya, فوليا,127,127,,,,
Firkat, فرقت,780,780,,,,
Fidaye, فدايه,100,100,,,,
Feyyaz, فیاض,891,181,,,,
Fevzi, فوزى,94,94,,,,
Fettah, فتّاح,489,489,,,,
Fesih, فصيح,188,158,,,,
Ferhunde, فرخنده,939,939,,,,
Ferda, فردا,285,285,,,,
Fehmi, فهمى,126,126,,,,
Fedakar, فذاكار,1002,1002,,,,
Fatmanur, فاطمه نور,391,391,,,,
Faika, فاءقه,187,187,,,,
Faik, فاءق,182,182,,,,
Fahriye, فخریه,895,895,,,,
Jale, ژاله,43,43,,,,
Itır, عطر,279,279,,,,
Irmak, ايرماك,272,272,,,,
Ezgi, ازكى,29,29,,,,
Evdegül, أوده كل,66,66,,,,
Ethem, اَدهم,50,50,,,,
Esingül, اسينكل,171,411,,,,
Esat, أسعد,135,375,,,,
Erva, اروع,277,277,,,,
Ersoy, ارصوى,298,268,,,,
Ender, اندر,255,255,,,,
Ersin, آرسن,311,551,,,,
Ersen, ارسن,311,551,,,,
Ergün, اركون,277,277,,,,
Erkin, اركين,281,281,,,,
Ergin, اركين,281,281,,,,
Erdi, اردى,206,206,,,,
Ercüment, ارجمند,298,298,,,,
Eralp, ارآلپ,234,234,,,,
Enver, انور,257,257,,,,
Enis, اَنیس,121,361,,,,
Engin, انكين,131,131,,,,
Emrullah, امرالله,307,307,,,,
Emrah, امراح,250,250,,,,
Emirhan, اميرحان,310,310,,,,
Emircan, اميرجان,305,305,,,,
Emil, اميل,81,81,,,,
Emetullah, امتالله,507,507,,,,
Elida, اليدا,46,46,,,,
Elçin, الچين,94,94,,,,
Elanur, الانور,288,288,,,,
Ekmeleddin, اكملالدّين,186,186,,,,
Ekmel, اكمل,91,91,,,,
Egemen, اكه من,116,116,,,,
Egehan, اكه خان,677,677,,,,
Efsane, افسانه,197,437,,,,
Efehan, أفه خان,737,737,,,,
Efdal, افضل,911,201,,,,
Ediz, اديز,22,22,,,,
Edibe, ادیبه,22,22,,,,
Edip, ادیب,17,17,,,,
Ecrin, اجرين,264,264,,,,
Ebubekir, ابوبكر,231,231,,,,
Ebu Huzeyfe, أبوحذيفه,812,812,,,,
Duygu, دويغو,1026,926,,,,
Durukan, دوروقان,367,367,,,,
Duru, دورو,216,216,,,,
Dorukhan, طوروق خان,972,972,,,,
Döndü, دوندو,70,70,,,,
Doğukan, دوغوقان,1167,1067,,,,
Doğanay, دوغاناى,1063,963,,,,
Dilçem, ديلچم,87,87,,,,
Dilay, ديلاى,46,46,,,,
Dilaver, دلاور,241,241,,,,
Dilanur, ديلانور,301,301,,,,
Dilan, دیلان,95,95,,,,
Didem, ديدم,58,58,,,,
Derviş, درويش,520,1220,,,,
Demirtaş, دميرطاش,564,1264,,,,
Demirhan, دميرخان,905,905,,,,
Demir, دمير,254,254,,,,
Demet, دمت,444,444,,,,
Defne, دفنه,139,139,,,,
Çisem, چيسم,113,353,,,,
Çinuçen, چينوچن,122,122,,,,
Çilem, چيلم,83,83,,,,
Çetinkaya, چتين قايا,575,575,,,,
Çetin, چتين,463,463,,,,
Çeşminaz, چشم ناز,401,1101,,,,
Çeliksu, چليكصو,159,129,,,,
Çelebi, چلبی,45,45,,,,
Çakır, چاقير,314,314,,,,
Cağatay, چاغاتاى,1407,1307,,,,
Canberk, جان برك,276,276,,,,
Civan, جوان,60,60,,,,
Ceylin, جيلين,103,103,,,,
Ceyhun, جیحون,77,77,,,,
Ceyhan, جيحان,72,72,,,,
Cevat, جواد,14,14,,,,
Cemre, جمره,248,248,,,,
Cem, جم,43,43,,,,
Cebrail, جبراءيل,247,247,,,,
Cebel, جبل,35,35,,,,
Caner, جانر,254,254,,,,
Cahide, جاهده,18,18,,,,
Beşire, بشيره,517,1217,,,,
Beşir, بَشیر,512,1212,,,,
Buse, بوسه,73,313,,,,
Bünyamin, بِنیامین,163,163,,,,
Bulut, بولوت,444,444,,,,
Buğra, بغرا,1203,1103,,,,
Buğlem, بوغلم,1078,978,,,,
Buğçe, بوغچه,1016,916,,,,
Birsen, بیرسَن,322,562,,,,
Binnaz, بيگناز,90,90,,,,
Binali, بن على,153,153,,,,
Bilgen, بيلكن,112,112,,,,
Bilgehan, بيلكه خان,718,718,,,,
Bilge, بيلكه,67,67,,,,
Bezen, بزن,59,59,,,,
Beyzanur, بيضانور,1069,359,,,,
Beytullah, بيت الله,478,478,,,,
Beyda, بيدا,17,17,,,,
Betilgül, بتيل كل,492,492,,,,
Betil, بتيل,442,442,,,,
Bessem, بسّام,103,343,,,,
Besiye, بسيه,77,317,,,,
Besim, بَسیم,112,352,,,,
Berra, برّا,203,203,,,,
Berke, بركه,227,227,,,,
Berivan, بريوان,269,269,,,,
Bergüzar, بركزار,430,430,,,,
Berfin, بَرفین,342,342,,,,
Beray, براى,204,204,,,,
Berat, بَرات,603,603,,,,
Bera, برا,203,203,,,,
Bengü, بنكو,78,78,,,,
Bengisu, بنكيصو,178,148,,,,
Beliz, بليز,49,49,,,,
Behram, بَهرام,248,248,,,,
Behiye, بِهیه,22,22,,,,
Behcet, بهجت,410,410,,,,
Bedrullah, بدرالله,272,272,,,,
Bedirhan, بدرخان,857,857,,,,
Bedir, بدر,206,206,,,,
Bediha, بديخه,621,621,,,,
Bedih, بديخ,616,616,,,,
Bayram, بايرام,254,254,,,,
Bayezid, بايزيد,34,34,,,,
Baturalp, باتورالپ,642,642,,,,
Battal, بطّال,42,42,,,,
Başak, باشاق,404,1104,,,,
Barış, باريش,513,1213,,,,
Barbaros, بارباروس,472,712,,,,
Bahtiyar, بختیار,1213,1213,,,,
Bahriye, بحريه,225,225,,,,
Bahir, باهر,208,208,,,,
Azra, عَذرا,971,971,,,,
Azmi, عظمى,1011,911,,,,
Azime, عظیمه,1025,925,,,,
Azim, عظیم,1020,920,,,,
Ayselin, آيسلين,161,401,,,,
Aykan, آيقان,162,162,,,,
Aygül, آی‌گل,61,61,,,,
Aydoğan, آىدوغان,1063,963,,,,
Aydan, آیدان,66,66,,,,
Aycan, آيجان,65,65,,,,
Ayça, آيچه,19,19,,,,
Aybüke, آىبوكه,35,35,,,,
Aybeniz, آيبڭز,70,70,,,,
Aybala, آىبالا,36,36,,,,
Avni, عونى,127,127,,,,
Atike, عتيقه,585,585,,,,
Atik, عتيق,580,580,,,,
Atahan, آتاخان,1053,1053,,,,
Ataberk, آتابرك,624,624,,,,
Ata, آتا,402,402,,,,
Asuhan, آسوخان,718,958,,,,
Asude, آسوده,76,316,,,,
Asu, آسو,67,307,,,,
Aslınur, آصلى نور,378,348,,,,
Aslan, آصلان,172,142,,,,
Aşkın, آشقين,461,1161,,,,
Hira, خرا,801,801,,,,
Asıf, عاصِف,241,211,,,,
Asel, عسل,160,400,,,,
Arda, آردا,206,206,,,,
Anıl, آنیل,91,91,,,,
Amine, آمنه,96,96,,,,
Amber, عنبر,322,322,,,,
Alptuğ, آلپطوغ,1048,948,,,,
Alperen, آلپ ارن,284,284,,,,
Alpay, آلپای,44,44,,,,
Alpaslan, آلپ آصلان,205,175,,,,
Alparslan, آلپ آرصلان,405,375,,,,
Alkan, آلقان,182,182,,,,
Alkame, علقمه,245,245,,,,
Alis, آلس,91,331,,,,
Alim, عالَم,141,141,,,,
Aknur, آقنور,357,357,,,,
Akın, آقين,161,161,,,,
Akil, عاقل,201,201,,,,
Akile, عاقله,206,206,,,,
Afranur, افرانور,538,538,,,,
Ada, آدا,6,6,,,,
Acun, آجون,60,60,,,,
Açelya, آچليا,45,45,,,,
Abid, عَبید,86,86,,,,
Abdurrezzak, عبد الرزّاق,415,415,,,,
Abdulmelik, عبدالمَلِک,197,197,,,,
Abdulğafur, عبدالغفور,1393,1293,,,,
Abdimenaf, عبدمناف,247,247,,,,
Hasene, حسنه,123,363,,,,
Hazal, حزال,46,46,,,,
Ayhan, آيخان,662,662,,,,
Beşer, بشر,502,1202,,,,
Hürrem, خُرم,840,840,,,,
Kezik, كذيك,750,750,,,,
Bircan, برجان,256,256,,,,
Nesimi, نسيمي,170,410,,,,
Tazegül, تازه كل,463,463,,,,
Güher, غوهر,1211,1111,,,,
Hayrunnisa, خیرالنسا,952,1192,,,,
Sühan, سخن,710,950,,,,
Sinem, سئنم,161,401,,,,
Ragıp, راغب,1203,1103,,,,
Sariye, سارئه,277,517,,,,
Muttalip, مطّلب,81,81,,,,
Hayrullah, خیرالله,876,876,,,,
Kevser Rüveyda, كوثر رويده,951,951,,,,
Şahinaz, شاهيناز,374,1074,,,,
Nahide, ناحيده,78,78,,,,
Hikmet, حِکمت,468,468,,,,
Ulviye, علويه,121,121,,,,
Münevvere, منوّره,301,301,,,,
Ahu Meryem, آهو مريم,302,302,,,,
Ali Eymen, على ايمن,202,202,,,,
Gülümser, كولومسر,362,602,,,,
Erdal, اردال,236,236,,,,
Gülüşan, كلوشان,407,1107,,,,
Fincan, فنجان,184,184,,,,
Bülbül, بلبل,64,64,,,,
Esin, اسين,121,361,,,,
Baran, باران,254,254,,,,
Şencan, شنجان,404,1104,,,,
Beril, بريل,242,242,,,,
Rengin, رنكين,330,330,,,,
Funda, فوندا,141,141,,,,
Nilgün, نیلگون,166,166,,,,
Zülfikar, ذوالفقار,1118,1118,,,,
Gülsever, كولسور,322,562,,,,
Süreyya, ثریا,711,711,,,,
Çağrı, چاغرى,1205,1105,,,,
Ümit, امید,55,55,,,,
Oktay, اُکتای,432,432,,,,
Alp, آلپ,33,33,,,,
Şatiye, شاطيه,325,1025,,,,
Serbülent, سربلند,346,586,,,,
Erdem, اردم,245,245,,,,
Elisa, اَلیسا,102,342,,,,
Selcan, سلجان,144,384,,,,
Sümeyra, سميرا,311,551,,,,
Mürşah, مورشاه,552,1252,,,,
Süveyda, سويدا,81,321,,,,
Hayal, خيال,641,641,,,,
Dudu, دودو,20,20,,,,
Çınar, چينار,264,264,,,,
Ekin, اكين,81,81,,,,
Gökşin, كوكشن,396,1096,,,,
Lâl Verdâ, لعل وردا,341,341,,,,
Ergül, اركول,257,257,,,,
Kader, قدر,304,304,,,,
Berrin, برّين,262,262,,,,
Mansur, منصور,386,356,,,,
Aykut, آيقوت,517,517,,,,
Devrim, دوريم,260,260,,,,
Alev, آلو,37,37,,,,
Gülşen, كولشن,406,1106,,,,
Başar, بشار,503,1203,,,,
Sonay, صوڭآى,148,118,,,,
Mesnet, مسند,154,394,,,,
Mevlude, مولوده,91,91,,,,
Volkan, ولقان,187,187,,,,
Yahya, یحیی,38,38,,,,
Nurdane, نوردانه,316,316,,,,
Hüsniye, حُسنیه,133,373,,,,
Gültekin, كلتكين,530,530,,,,
Durmuş, دورموش,556,1256,,,,
Eren, ارن,251,251,,,,
Eyyup, ايّوب,19,19,,,,
Ferruh, فرّوح,294,294,,,,
Şengül, شنكل,400,1100,,,,
Turaç, طوراچ,219,219,,,,
Namık, نامق,191,191,,,,
Mehpare, مَهپاره,253,253,,,,
Tuğberk, طوغبرك,1237,1137,,,,
Tuğçe, طوغچه,1023,923,,,,
Sevilay, سويلآى,108,348,,,,
Yalçın, يالچين,104,104,,,,
Tuncay, تونجاى,461,461,,,,
Yüksan, يوكصن,176,146,,,,
Orçun, اورچون,266,266,,,,
Miraç, معراج,314,314,,,,
Bilgin, بيلكين,122,122,,,,
Fahrettin, فخرالدین,975,975,,,,
Nebahat, نباهت,458,458,,,,
Armağan, ارمغان,1292,1192,,,,
Birhan, بيرخان,863,863,,,,
Esen, اسن,111,351,,,,
Babür, بابور,211,211,,,,
Nezahat, نزاهت,463,463,,,,
Aysu, آیسو,77,317,,,,
Bartu, بارتو,609,609,,,,
Ecem, اجهم,49,49,,,,
Nevil, نويل,96,96,,,,
Ercan, ارجان,255,255,,,,
Batuhan, باتوخان,1060,1060,,,,
Altuğ, آلطوغ,1046,946,,,,
Ceyran, جيران,264,264,,,,
Ceylan, جيلان,94,94,,,,
Mesure, ماءثوره,753,753,,,,
Asaf, آصف,171,141,,,,
Ziya, ضیا,811,101,,,,
Billur, بللور,268,268,,,,
Şahika, شاهقه,411,1111,,,,
Alaattin, علاءالدین,197,197,,,,
Abdulbaki, عبدالباقی,220,220,,,,
Abdussamed, عبدالصّمد,241,211,,,,
Cenk, جنك,73,73,,,,
Dursun, دورسون,326,566,,,,
Fethi, فتحي,498,498,,,,
Gülfer, كلفر,330,330,,,,
Halim, حلیم,88,88,,,,
Hamdi, حمدي,62,62,,,,
Hasbi, حسبي,80,320,,,,
Hasip, حَسیب,80,320,,,,
Hürüşan, خروشان,1157,1857,,,,
İklim, اقليم,181,181,,,,
Kani, كاني,81,81,,,,
Mahbure, محبوبه,63,63,,,,
Melih, مليح,88,88,,,,
Melik, ملك,90,90,,,,
Mesude, مسعوده,185,425,,,,
Metehan, مهتهحان,509,509,,,,
Nadir, نادر,255,255,,,,
Nail, نائل,92,92,,,,
Nazif, نظيف,1040,940,,,,
Nazmi, نظمي,1000,900,,,,
Necmi, نَجمه,98,98,,,,
Nezih, نَزیه,72,72,,,,
Rahmiye, رحمىه,254,254,,,,
Ruhi, روحي,224,224,,,,
Saim, صائم,142,112,,,,
Süheyl, سُهیل,105,345,,,,
Sümbül, سنبل,142,382,,,,
Zahit, زاهد,17,17,,,,
Zeki, ذكي,730,730,,,,
İzzettin, عِزالدین,172,172,,,,
Mahzun, محزون,111,111,,,,
Nafi, نافع,201,201,,,,
Nejat, نجاة,59,59,,,,
Reşat, رَشاد,505,1205,,,,
Reşit, رَشید,514,1214,,,,
Seleme, سلمة,135,375,,,,
Seyfeddin, سيف الدين,245,485,,,,
Suat, سُعاد,135,375,,,,
Üsame, أسامة,107,347,,,,
Zarif, ظریف,1190,1090,,,,
Ziyad, زياد,22,22,,,,
Zübeyir, زبير,219,219,,,,
Abdülaziz, عبد العزيز,201,201,,,,
Abdülcabbar, عبد الجبّار,313,313,,,,
Abdulfettah, عبد الفتّاح,596,596,,,,
Abdulgaffar, عبد الغفّار,1388,1288,,,,
Abdulgafûr, عبد الغفور,1393,1293,,,,
Abdulgani, عبد الغنيّ,1167,1067,,,,
Abdulhak, عبد الحقّ,215,215,,,,
Abdülhakim, عبد الحكيم,185,185,,,,
Abdülkâdir, عبد القادر,412,412,,,,
Abdülkerim, عبد الكريم,377,377,,,,
Abdulmecit, عبد المجيد,164,164,,,,
Abdulvahap, عبد الوهّاب,121,121,,,,
Abdussamet, عبد الصمد,241,211,,,,
Abdusselam, عبد السلام,238,478,,,,
Alaaddin, علاء الدين,197,197,,,,
Aleyna, علينا,161,161,,,,
Atiye, آتیه,416,416,,,,
Baha, بهاء,9,9,,,,
Bahattin, بَهاءالدین,104,104,,,,
Gani, غنيّ,1060,960,,,,
Hadi, هادی,20,20,,,,
Hansa, خَنْسَاء,712,952,,,,
Hüsamettin, حسام الدين,204,444,,,,
Cumhuriyet, جمهوريت,664,664,,,,
Mümin, مؤمن,137,137,,,,
Ahmed, أحمد,53,53,,,,
Yagmur, ياغمور,1257,1157,,,,
Fatmasu, فاطمة صو,231,201,,,,
Fatıma, فاطمة,135,135,,,,
Zühre, زوهرة,223,223,,,,
Ozge, اوزكه,39,39,,,,
Resmiye, رسمیة,315,555,,,,
Omer, عمر,310,310,,,,
Gulsen, كولشن,406,1106,,,,
Gulşen, كولشن,406,1106,,,,
Niymet, نعمت,560,560,,,,
Ummuhan, امّ خان,692,692,,,,
ummahan, امّ خان,692,692,,,,
Ebu Zer, أبو ذر,909,909,,,,
Abuzer, أبو ذر,909,909,,,,
Ebuzer, ابوذر,909,909,,,,
Cihad, جهاد,13,13,,,,
Sebahattin, صباحالدّين,196,166,,,,
Nazli, نازلى,89,89,,,,
Öztekin, اوزتكين,494,494,,,,
Alirıza, علي رضا,1111,401,,,,
Albert, ألبرت,633,633,,,,
Einstein, أينشتاين,822,1522,,,,
Pauline, پولين,98,98,,,,
Hermann, هيرمان,306,306,,,,
Nejla, نجلاء,85,85,,,,
Şakir, شاکر,521,1221,,,,
Cumhur, جمهور,254,254,,,,
Ozcan, اوزجان,68,68,,,,
selehattin, صلاحالدّين,224,194,,,,
Dede, ده ده,18,18,,,,
Sebahat, صباحت,501,471,,,,
Nejdet, نجدت,457,457,,,,
Şehriye, شهريه,520,1220,,,,
Mumin, مؤمن,137,137,,,,
Eşe, أشه,306,1006,,,,
Ayse, عائشة,387,1087,,,,
Sebiha, صبيحه,115,85,,,,
Tevfik, توفيق,596,596,,,,
Emsal, امثال,572,572,,,,
Hava, حوا,15,15,,,,
serdal, سردال,295,535,,,,
Muhiddin, محي الدين,153,153,,,,
Muhittin, محیی‌الدین,163,163,,,,
Cenap, جناب,56,56,,,,
Doğuş, دوغوش,1316,1916,,,,
Hurşit, خورشيد,1120,1820,,,,
Ersal, ارسال,292,532,,,,
Şahabeddin, شهاب الدين,403,1103,,,,
Şahabettin, شهاب الدين,403,1103,,,,
Sezgin, سزگين,147,387,,,,
Düriye, دريه,219,219,,,,
Abdulazim, عبدالعظیم,1127,1027,,,,
abdulcebbar, عبدالجبار,313,313,,,,
Abdulhalim, عبدالحلیم,195,195,,,,
Abdulhey, عبدالحی,125,125,,,,
Abdurrafi, عبدالرافع,458,458,,,,
Abdurraşit, عبدالرشید,621,1321,,,,
Afak, آفاق,182,182,,,,
Afşin, اَفشین,441,1141,,,,
Ahenk, آهنگ,76,76,,,,
Ahmet Ali, احمدعلی,163,163,,,,
Ahmet Rıza, احمدرضا,1054,344,,,,
Ahmet Talha, احمدطاها,69,69,,,,
Ala, آلا,32,32,,,,
Ali Ekber, علی‌اکبر,333,333,,,,
Ali Paşa, علی‌پاشا,414,1114,,,,
Almira, المیرا,282,282,,,,
Altın, آلتین,491,491,,,,
Amanda, اَماندا,97,97,,,,
Amir, عامِر,311,311,,,,
Ammar, عَمار,311,311,,,,
Anise, آنیسا,122,362,,,,
Arafat, عَرفات,751,751,,,,
Arafe, عَرَفه,355,355,,,,
Aral, آرال,232,232,,,,
Aras, آراس,262,502,,,,
Araz, آراز,209,209,,,,
Arife Zehra, عارفه‌زهرا,569,569,,,,
Armin, آرمین,301,301,,,,
Armina, آرمینا,302,302,,,,
Armine, آرمینه,306,306,,,,
Arş, عرش,570,1270,,,,
Arşan, آرشان,552,1252,,,,
Artan, آرتان,652,652,,,,
Asil, اصیل,131,101,,,,
Asim, آسیم,111,351,,,,
Asker, عسکر,350,590,,,,
Atanaz, آتاناز,460,460,,,,
Atena, آتنا,452,452,,,,
Ateş, آتش,701,1401,,,,
Atlas, اطلس,100,340,,,,
Ayaz, اَیاز,19,19,,,,
Aynaz, آیناز,69,69,,,,
Aynuş, آینوش,367,1067,,,,
Aysan, آیسان,122,362,,,,
Ayşen, آی‌شن,361,1061,,,,
Ayşin, آیشین,371,1071,,,,
Azad, آزاد,13,13,,,,
Azizullah, عزیزالله,160,160,,,,
bahire, باهِره,213,213,,,,
Basil, باسِل,93,333,,,,
Basiret, بَصیرت,702,672,,,,
Basit, باسِط,72,312,,,,
Bediuzzaman, بَدیع‌الزمان,215,215,,,,
Behlül, بُهلول,73,73,,,,
Behzat, بِهزاد,19,19,,,,
Bektaş, بَکتاش,723,1423,,,,
Bereket, بَرکت,622,622,,,,
Bersam, بَرسام,303,543,,,,
Berşam, بَرشام,543,1243,,,,
Beşar, بَشار,503,1203,,,,
Bidar, بیدار,217,217,,,,
Bina, بینا,63,63,,,,
Burhaneddin, بُرهان‌الدین,353,353,,,,
Büstan, بوستان,519,759,,,,
Cabbar, جبار,206,206,,,,
Cabir, جابر,206,206,,,,
Cafer, جعفر,353,353,,,,
Canyar, جانیار,265,265,,,,
Cavidan, جاویدان,75,75,,,,
Cavit, جاوید,24,24,,,,
Celaleddin, جلال‌الدین,159,159,,,,
Celiliddin, جلیل‌الدین,168,168,,,,
Cemşit, جمشید,357,1057,,,,
Cennat, جَنات,454,454,,,,
Cercis, جرجیس,276,516,,,,
Cibril, جبریل,245,245,,,,
Civanmert, جوانمرد,304,304,,,,
Çabuk, چابک,26,26,,,,
Çavuş, چاووش,316,1016,,,,
Çehre, چهره,213,213,,,,
Daime, دائمه,61,61,,,,
Danyal, دانیال,96,96,,,,
Delile, دلیله,79,79,,,,
Destan, دَستان,515,755,,,,
Deyyan, دَیّان,65,65,,,,
Dindar, دیندار,269,269,,,,
Diyana, دیانا,66,66,,,,
Diyar, دیار,215,215,,,,
Dora, دُرا,205,205,,,,
Dünya, دنیا,65,65,,,,
Eflatun, افلاطون,177,177,,,,
Efşan, اَفشان,432,1132,,,,
Ekber, اکبر,223,223,,,,
Emina, امینا,102,102,,,,
Eminullah, امین‌الله,167,167,,,,
Eminüddin, امین‌الدین,196,196,,,,
Emir Adnan, امیرعدنان,426,426,,,,
Emir Bahadır, امیربهادر,463,463,,,,
Emir Behzat, امیربهزاد,270,270,,,,
Emir Cavit, امیرجاوید,275,275,,,,
Emir Cevat, امیرجواد,265,265,,,,
Emir Erman, امیرآرمن,542,542,,,,
Emir Eyyüp, امیرایوب,270,270,,,,
Emir Fazlullah, امیرفضل‌الله,1227,517,,,,
Emir Haşem, امیرهاشم,597,1297,,,,
Emir Himmet, امیرهمت,696,696,,,,
Emir Hümayun, امیرهمایون,363,363,,,,
Emir İrfan, امیرعرفان,652,652,,,,
Emir Mansur, امیرمنصور,637,607,,,,
Emir Mehdi, امیرمهدی,310,310,,,,
Emir Merdan, امیرمردان,546,546,,,,
Emir Mesut, امیرمسعود,431,671,,,,
Emir Metin, امیرمتین,751,751,,,,
Emir Muhsin, امیرمحسن,409,649,,,,
Emir Muzaffer, امیرمظفر,1471,1371,,,,
Emir Nizam, امیرنظام,1242,1142,,,,
Emir Raşit, امیررشید,765,1465,,,,
Emir Rıza, امیررضا,1252,542,,,,
Emir Sadık, امیرصادق,446,416,,,,
Emir Salih, امیرصالح,380,350,,,,
Emir Suheyl, امیرسهیل,356,596,,,,
Emir Vahit, امیروحید,279,279,,,,
Emir Yasin, امیریاسین,382,622,,,,
Emir Yedullah, امیریدالله,331,331,,,,
Endişe, اندیشه,370,1070,,,,
Enfal, اَنفال,162,162,,,,
Enuş, اَنوش,357,1057,,,,
Erdevan, اَردوان,262,262,,,,
Ersam, اَرسام,302,542,,,,
Ersan, آرسان,312,552,,,,
Erşam, اَرشام,542,1242,,,,
Erşan, اَرشان,552,1252,,,,
Erşin, اَرشین,561,1261,,,,
Esedullah, اسدالله,131,371,,,,
Eset, اَسد,65,305,,,,
Esmer, اَسمر,301,541,,,,
Esrin, اَسرین,321,561,,,,
Fazlullah, فضل‌الله,976,266,,,,
Ferah, فَرح,288,288,,,,
Ferzan, فرزان,338,338,,,,
Feyzullah, فیض‌الله,956,246,,,,
Firaset, فراست,741,981,,,,
Firuze, فیروزه,308,308,,,,
Füruzan, فروزان,344,344,,,,
Gülbahar, گل بهار,258,258,,,,
Güldane, گلدانه,110,110,,,,
Gülnar, گلنار,301,301,,,,
Gülru, گلرو,256,256,,,,
Habibullah, حبیب الله,88,88,,,,
Hadis, حدیث,522,522,,,,
Hadise, حدیثه,527,527,,,,
Hafizullah, حفیظ‌الله,1064,964,,,,
Hakim, حکیم,78,78,,,,
Halife, حلیفه,133,133,,,,
Halile, خلیله,675,675,,,,
Halilullah, خلیل‌الله,736,736,,,,
Halilurrahman, خلیل‌الرحمان,1000,1000,,,,
Hamdullah, حمدالله,118,118,,,,
Hami, حامی,59,59,,,,
Hamidullah, حمیدالدین,157,157,,,,
Hammat, حَمّاد,53,53,,,,
Haniye, حانیه,74,74,,,,
Hannan, حَنّان,109,109,,,,
Hanzala, حَنظله,993,893,,,,
Hasna, حَسْنا,119,359,,,,
Haşmet, حشمت,748,1448,,,,
Haşmetullah, حشمت‌الله,814,1514,,,,
Hatıra, خاطِره,815,815,,,,
Havar, خاور,807,807,,,,
Haydar Ali, حیدرعلی,332,332,,,,
Hayyam, خیام,651,651,,,,
Heybetullah, هیبت‌الله,483,483,,,,
Hicret, هجرت,608,608,,,,
Himmet, هِمت,445,445,,,,
Himmetullah, هِمت‌الله,511,511,,,,
Hirat, هیراد,220,220,,,,
Huccet, حُجت,411,411,,,,
Huccetullah, حُجت‌الله,477,477,,,,
Humeyra, حمیرا,259,259,,,,
Hurriye, حُریه,223,223,,,,
Hüda, هُدی,19,19,,,,
Hümayun, هُمایون,112,112,,,,
Hür, هور,211,211,,,,
Hürmet, حُرمت,648,648,,,,
Hürmuz, هرمز,252,252,,,,
Hürşat, هورشاد,516,1216,,,,
Hürşit, هورشید,525,1225,,,,
Ismet, عصمت,600,570,,,,
İftihar, اِفتخار,1282,1282,,,,
İkram, اِکرام,262,262,,,,
İlay, ایل‌آی,52,52,,,,
İlize, اِلیزه,53,53,,,,
İlnaz, اِلناز,89,89,,,,
İltica, اِلتِجا,435,435,,,,
İltifat, اِلتفات,912,912,,,,
İnayet, عنایت,531,531,,,,
İntisar, اِنتصار,742,712,,,,
İran, ایران,262,262,,,,
İrşat, اِرشاد,506,1206,,,,
İslam, اسلام,132,372,,,,
İtibar, اِعتبار,674,674,,,,
İtimat, اِعتماد,516,516,,,,
İzzetullah, عزت‌الله,543,543,,,,
Kadim, قدیم,154,154,,,,
Kadire, قدیره,319,319,,,,
Kamus, کاموس,127,367,,,,
Kelimullah, کلیم الله,166,166,,,,
Kemalettin, کمال‌الدین,186,186,,,,
Keramet, کرامت,661,661,,,,
Keykubat, کِیقباد,137,137,,,,
Kimya, کیمیا,81,81,,,,
Kutsi, قُدسی,174,414,,,,
Laçin, لاچین,94,94,,,,
Lalezar, لاله‌زار,274,274,,,,
Latif, لَطیف,129,129,,,,
Letafet, لطافت,520,520,,,,
Lütfullah, لطف‌الله,185,185,,,,
Mahbube, محبوبه,63,63,,,,
Mahbup, محبوب,58,58,,,,
Mahcihan, ماه‌جهان,105,105,,,,
Mahcup, محجوب,59,59,,,,
Mahide, ماهِده,55,55,,,,
Mahmude, محموده,103,103,,,,
Mahpeyker, ماه‌پیکر,278,278,,,,
Mahya, مَحیا,59,59,,,,
Maksude, مقصوده,245,215,,,,
Mardin, ماردین,305,305,,,,
Marifet, معرفت,790,790,,,,
Marifetullah, معرفت‌الله,856,856,,,,
Marziye, مَرضیه,1055,345,,,,
Masum, معصوم,246,216,,,,
Masume, معصومه,251,221,,,,
Maşaallah, ماشاءالله,409,1109,,,,
Maviş, ماویش,357,1057,,,,
Mazhar, مَظهر,1145,1045,,,,
Melihe, مَلیحه,93,93,,,,
Memduh, مَمدوح,98,98,,,,
Meram, مَرام,281,281,,,,
Merhamet, مرحمت,688,688,,,,
Mersin, مَرسین,360,600,,,,
Mesih, مسیح,118,358,,,,
Mesrur, مَسرور,506,746,,,,
Mesture, مَستوره,711,951,,,,
Meşhur, مشهور,551,1251,,,,
Meşkat, مشکات,761,1461,,,,
Metanet, متانت,891,891,,,,
Meyhoş, میخوش,956,1656,,,,
Meymanat, میمنت,540,540,,,,
Mezit, مَزید,61,61,,,,
Mihban, مِهبان,98,98,,,,
Mihrak, مِهرک,265,265,,,,
Mihrap, مِهراب,248,248,,,,
Mihri, مِهری,255,255,,,,
Mihribanu, مِهربانو,304,304,,,,
Milat, میلاد,85,85,,,,
Mirsat, مِرصاد,335,305,,,,
Mirşat, میرشاد,555,1255,,,,
Misak, میثاق,651,651,,,,
Muazzam, مُعظم,1050,950,,,,
Mucip, مُجیب,55,55,,,,
Mucit, مَجید,57,57,,,,
Muhabbet, محبت,450,450,,,,
Muhacir, مُهاجر,249,249,,,,
Muhaddis, مُحَدِث,552,552,,,,
Muhit, محیط,67,67,,,,
Muhsine, محسنه,163,403,,,,
Muhterem, محترم,688,688,,,,
Muhteşem, محتشم,788,1488,,,,
Musaddık, مصدق,234,204,,,,
Muttaki, متقی,550,550,,,,
Mübin, مبین,102,102,,,,
Müferrah, مُفَرِح,328,328,,,,
Müfide, مُفیده,139,139,,,,
Müfit, مُفید,134,134,,,,
Müjde, مژده,56,56,,,,
Mükerrem, مُکَرم,300,300,,,,
Mülayim, ملایم,121,121,,,,
Mümtaz, ممتاز,488,488,,,,
Münip, مُنیب,102,102,,,,
Mürivvet, مُروت,646,646,,,,
Mürsel, مُرسَل,330,570,,,,
Müşfik, مشفق,520,1220,,,,
Müştak, مشتاق,841,1541,,,,
Mütevekkil, متوکل,496,496,,,,
Nafile, نافله,166,166,,,,
Nahit, ناهید,70,70,,,,
Nara, نارا,252,252,,,,
Nâsıreddin, ناصرالدین,436,406,,,,
Nasraddin, نَصرالدین,435,405,,,,
Nasrullah, نَصرالله,406,376,,,,
Natık, ناطق,160,160,,,,
Nazanin, نازنین,168,168,,,,
Nazperi, نازپری,270,270,,,,
Nebi, نَبی,62,62,,,,
Nebiyullah, نَبی‌الله,128,128,,,,
Necat, نِجات,454,454,,,,
Necibettin, نَجیب‌الدین,160,160,,,,
Neime, نَعیمه,175,175,,,,
Nerimen, نَریمن,350,350,,,,
Neşat, نشاط,360,1060,,,,
Neşvet, نشواد,361,1061,,,,
Nevbahar, نوبهار,264,264,,,,
Nimetullah, نِعمت‌الله,626,626,,,,
Nirvan, نیروان,317,317,,,,
Niyavent, نیاوند,121,121,,,,
Niyaz, نیاز,68,68,,,,
Nizamettin, نِظام‌الدین,1086,986,,,,
Nurulayn, نورالعین,417,417,,,,
Nurulhak, نورالحق,395,395,,,,
Nusretullah, نُصرت‌الدین,835,805,,,,
Payam, پَیام,53,53,,,,
Pehlivan, پهلوان,94,94,,,,
Peri, پری,212,212,,,,
Perigül, پری‌گل,262,262,,,,
Perinaz, پری‌ناز,270,270,,,,
Rafet, رأفت,681,681,,,,
Rafetullah, رأفت‌الله,747,747,,,,
Rahim, رحیم,258,258,,,,
Rahman, رحمان,299,299,,,,
Rahmetullah, رحمت‌الله,714,714,,,,
Rahşan, رَخشان,1151,1851,,,,
Rasul, رَسول,296,536,,,,
Rauf, رئوف,297,297,,,,
Ravi, راوی,217,217,,,,
Ressam, رَسام,301,541,,,,
Ruhullah, روح‌الله,280,280,,,,
Rüstem, رُستم,700,940,,,,
Rüşdiye, رُشدیّه,519,1219,,,,
Saba, سبا,63,303,,,,
Sabih, صَبیح,110,80,,,,
Sadakat, صداقت,595,565,,,,
Sadri, صدری,304,274,,,,
Sahabe, صاحبه,106,76,,,,
Sahil, ساحل,99,339,,,,
Salahuttin, صلاح‌الدین,224,194,,,,
Samira, سَمیرا,311,551,,,,
Saray, سارای,272,512,,,,
Sare, ساره,266,506,,,,
Sayan, سایان,122,362,,,,
Sehlan, ثَهلان,586,586,,,,
Selamet, سَلامت,531,771,,,,
Senaullah, ثَناءالله,618,618,,,,
Serment, سَرمد,304,544,,,,
Settar, سَتار,661,901,,,,
Sevin, سوین,126,366,,,,
Sevinc, سوینج,129,369,,,,
Seyfettin, سِیف‌الدین,245,485,,,,
Sufi, صوفی,186,156,,,,
Sunay, سُونای,127,367,,,,
Sur, سُور,266,506,,,,
Surahi, صُراحی,309,279,,,,
Suut, سُعود,140,380,,,,
Sülale, سُلاله,126,366,,,,
Süna, سُونا,117,357,,,,
Süraye, سُرایه,276,516,,,,
Sürur, سُرور,466,706,,,,
Şadan, شادان,356,1056,,,,
Şadıman, شادمان,396,1096,,,,
Şahide, شاهیده,325,1025,,,,
Şahit, شاهد,310,1010,,,,
Şanlı, شانلی,391,1091,,,,
Şarmin, شارمین,601,1301,,,,
Şayan, شایان,362,1062,,,,
Şefaat, شفاعت,851,1551,,,,
Şefike, شفیقه,495,1195,,,,
Şehabettin, شهاب‌الدین,403,1103,,,,
Şehbaz, شهباز,315,1015,,,,
Şehre, شهره,510,1210,,,,
Şehriyar, شهریار,716,1416,,,,
Şekibe, شکیبا,333,1033,,,,
Şekip, شکیب,332,1032,,,,
Şemide, شَمیده,359,1059,,,,
Şemis, شمیس,410,1350,,,,
Şems, شمس,400,1340,,,,
Şemsi, شمسی,410,1350,,,,
Şerafettin, شَرف‌الدین,675,1375,,,,
Şeriat, شریعت,980,1680,,,,
Şervin, شروین,566,1266,,,,
Şuayip, شُعَیب,382,1082,,,,
Şukufe, شکوفه,411,1111,,,,
Tahire, طاهره,220,220,,,,
Tahmin, تهمین,505,505,,,,
Tamara, تامارا,643,643,,,,
Tanış, تانیش,761,1461,,,,
Tanin, طنین,119,119,,,,
Tarak, تارک,621,621,,,,
Tarhan, تَرخان,1251,1251,,,,
Tarif, طارف,290,290,,,,
Tasnim, تسنیم,560,800,,,,
Tavus, طاووس,82,322,,,,
Taylan, تایلان,492,492,,,,
Taymaz, تایماز,459,459,,,,
Taynur, تای‌نور,667,667,,,,
Tayyibe, طَیبه,26,26,,,,
Tebessüm, تبسم,502,742,,,,
Tecelli, تَجلی,443,443,,,,
Tevhit, توحید,428,428,,,,
Teymur, تیمور,656,656,,,,
Tural, تورال,637,637,,,,
Turap, تُراب,603,603,,,,
Tüfan, توفان,537,537,,,,
Ubeydullah, عُبیدالله,152,152,,,,
Usame, اُسامه,107,347,,,,
Ümit Rıza, امیدرضا,1056,346,,,,
Üveys, اویس,77,317,,,,
Vacide, واحده,24,24,,,,
Vacit, واجد,14,14,,,,
Vahap, وَهَب,13,13,,,,
Vahhap, وهاب,14,14,,,,
Vahidüddin, وحیدالدین,123,123,,,,
Vahip, واهِب,14,14,,,,
Varan, واران,258,258,,,,
Vasıl, واصل,127,97,,,,
Vecihe, وَجیهه,29,29,,,,
Vefa, وَفا,87,87,,,,
Vehide, وحیده,33,33,,,,
Veliyullah,ولی‌الله,112,112,,,,
Virdan, وِردان,261,261,,,,
Visal, وِصال,127,97,,,,
Visam, وِسام,107,347,,,,
Viyana, ویانا,68,68,,,,
Yakut, یاقوت,517,517,,,,
Yalan, یَلان,91,91,,,,
Yanar, یانار,262,262,,,,
Yanık, یانیک,91,91,,,,
Yarullah, یارالله,277,277,,,,
Yasemen, یاسمن,161,401,,,,
Yaşil, یاشیل,351,1051,,,,
Yaver, یاور,217,217,,,,
Yaz, یاز,18,18,,,,
Yazgül, یازگول,74,74,,,,
Yedullah, یدالله,80,80,,,,
Yegane, یگانه,86,86,,,,
Yemin, یَمین,110,110,,,,
Yeminullah, یَمین‌الله,176,176,,,,
Yenal, یَنال,91,91,,,,
Yezdan, یَزدان,72,72,,,,
Zahir, ظاهر,1106,1006,,,,
Zakir, ذاکر,921,921,,,,
Zaman, زمان,98,98,,,,
Zamane, زمانه,103,103,,,,
Zavoş, زاوش,314,1014,,,,
Zêhir, زاهر,213,213,,,,
Zeka, ذَکا,721,721,,,,
Zemzem, زمزم,94,94,,,,
Zeyniddin, زین‌الدین,162,162,,,,
Zeyt, زِید,21,21,,,,
Zikrullah, ذِکرالله,986,986,,,,
Zinet, زینت,467,467,,,,
Ziver, زیور,223,223,,,,
Ziyaulhak, ضیاء‌الحق,951,241,,,,
Zuhal, زُحَل,45,45,,,,
Zübeyr, زُبیر,219,219,,,,
Zühra, زُهره,217,217,,,,
Hüdavendigar, خداوندگار,886,886,,,,
Beyazit, بايزيد,34,34,,,,
Vahdettin, وحيد الدين,123,123,,,,
Vahdeddin, وحيد الدين,123,123,,,,
Maşite, ماشطه,355,1055,,,,
Azem, عازم,118,118,,,,
sera, سرا,261,501,,,,
Alya, عليا,111,111,,,,
Gülfem, گلفام,171,171,,,,
Mihrimah, مهرماه,291,291,,,,
